id,title,category,tag,キーワード
1,ホームページ運営者が最低限知るべき個人情報保護法のポイント,基礎知識,個人情報保護法,
2,個人情報・個人データ・要配慮個人情報の違い,基礎知識,"個人情報, 定義",
3,Cookie・トラッキング技術と個人情報保護の関係を徹底解説,基礎知識,"Cookie, トラッキング",
4,プライバシーポリシーの書き方完全ガイド【テンプレート付き】,基礎知識,プライバシーポリシー,
5,お問い合わせフォームの個人情報取扱い方法と注意点,基礎知識,問い合わせフォーム,
6,メルマガ・ニュースレター配信時の個人情報保護対応,基礎知識,メール配信,
7,アクセス解析ツール導入前に確認すべき法的ポイント,基礎知識,アクセス解析,
8,第三者提供とは？外部サービス利用時の個人情報保護対応,基礎知識,第三者提供,
9,個人情報の「利用目的」の正しい書き方と具体例,基礎知識,利用目的,
10,個人情報保護法違反のペナルティとリスク回避策,基礎知識,リスク回避,
11,【実装解説】Cookie同意バナーの作り方とデザイン例,Web運営実務,Cookieバナー,
12,Google Analytics 4導入時の個人情報保護設定完全マニュアル,Web運営実務,GA4,
13,WordPressサイトの個人情報保護対応チェックリスト,Web運営実務,"WordPress, チェックリスト",
14,reCAPTCHA v3設置時の個人情報保護対応方法,Web運営実務,reCAPTCHA,
15,チャットボット・問い合わせツール導入時の注意点,Web運営実務,チャットボット,
16,SNS埋め込み（Twitter、Instagram等）の個人情報保護対応,Web運営実務,SNS,
17,広告配信サービス（Google AdSense等）利用時の必須設定,Web運営実務,AdSense,
18,会員登録機能実装時の個人情報保護設計のポイント,Web運営実務,会員登録,
19,ECサイト運営者向け：決済情報取扱いの個人情報保護対応,Web運営実務,"EC, 決済",
20,動画配信・埋め込み時（YouTube等）の個人情報保護注意点,Web運営実務,"動画, YouTube",
21,外部フォームサービス（Googleフォーム、Typeform等）利用時の対応,Web運営実務,Googleフォーム,
22,A/Bテストツール導入時の個人情報保護設定方法,Web運営実務,A/Bテスト,
23,CDN・画像最適化サービス利用時の個人情報保護考慮点,Web運営実務,"CDN, 画像最適化",
24,多言語サイト運営時の各国プライバシー法対応（GDPR等）,Web運営実務,"多言語, GDPR",
25,Webサイトリニューアル時の個人情報保護チェックポイント,Web運営実務,リニューアル,
26,【事例分析】Web関連の個人情報漏洩事件とその対策,ニュース・事例,漏洩事例,
27,Cookie規制の最新動向：日本・EU・米国の比較,ニュース・事例,Cookie規制,
28,個人情報保護委員会の最新ガイドライン更新情報,ニュース・事例,ガイドライン,
29,Web業界の個人情報保護違反事例から学ぶリスク対策,ニュース・事例,違反事例,
30,プライバシーテック最新動向：Cookieless時代への対応,ニュース・事例,プライバシーテック,
31,個人情報保護対応完了サイトでのアドセンス審査攻略法,収益化・実践,AdSense,
32,アフィリエイト運営時の個人情報保護対応まとめ,収益化・実践,アフィリエイト,
33,個人情報保護コンサルティングサービスの始め方,収益化・実践,コンサルティング,
34,プライバシーポリシー作成代行サービスの相場と品質,収益化・実践,代行サービス,
35,個人情報保護対応ツール・サービス比較レビュー,収益化・実践,ツールレビュー,
36,【コピペOK】Cookie同意バナーの作り方完全ガイド,特別コンテンツ,"Cookieバナー, 実装",
